CDR-H3,count,length
YAGTKNLNDDSTF,1,13
IMPAYHGPDDT,1,11
SFPFYDLYSS,4,10
PSEAGSDGEY,2,10
LFDGKLNYY,8,9
YGLFHAIEP,2,9
ASYPHTTPY,1,9
SKHGKLYSG,1,9
YSHDSGPYG,1,9
YIMQVYILK,1,9
SFPFYDLY,4877,8
SFPFYDLS,9,8
SFTFYDLY,9,8
SFPFSDLY,8,8
SFPFYELY,7,8
SFPFYDMY,7,8
SVPFYDLY,6,8
SFPFYYLY,5,8
SFAFYDLY,3,8
SFPFYDRY,3,8
SFPVYDLY,3,8
SFPFYDLD,2,8
SFPFYALY,2,8
SLPFYDLY,2,8
SFPLYDLY,2,8
SIPFYDLY,2,8
SFPFYVLY,1,8
SFSFYDLY,1,8
AYYFDYAS,1,8
SFPFYDLM,1,8
SFPFYDQY,1,8
SFQFYDLY,1,8
PFPFYDLY,1,8
STLTSGPP,1,8
SFPYYDLY,1,8
SYTFYDLY,1,8
CFPFYDLY,1,8
SLPFYDMY,1,8
QYSPYDEP,1,8
SFPFYDLN,1,8
SFPGYDLY,1,8
SFTFYYLY,1,8
SFPVSDLY,1,8
HGYPMSYA,1,8
TYESNYD,1150,7
NGGPSPL,14,7
TYESNYE,6,7
TYDSNYD,5,7
AYESNYD,3,7
TYESHYD,3,7
TYEANYD,3,7
TYESKYD,3,7
TYESNSD,3,7
TYESNYY,1,7
TSGSGML,1,7
TYETNYD,1,7
SYDCNYD,1,7
TYEYNYD,1,7
SYESNYD,1,7
TGGPSPL,1,7
SSQDSPS,1,7
TYAANYD,1,7
TYVSNYD,1,7
TDESYYE,1,7
TYEAHYD,1,7
TDESNYD,1,7
TYASNYD,1,7
TGLSTVA,1,7
MGDGSM,14723,6
SSLYSS,2681,6
GGDYPR,1347,6
RGDGSM,149,6
LGDGSM,38,6
MGDGSI,15,6
MGEGSM,11,6
VGDGSM,11,6
MGDGSL,9,6
MGDGAM,8,6
MGDVSM,8,6
QLSISN,7,6
MVDGSM,7,6
YASGYI,6,6
SSLYST,6,6
MCDGSM,6,6
LASDSM,5,6
SALYSS,5,6
RGEGSM,5,6
SSLSSS,5,6
GGEYPR,4,6
IGDGSM,4,6
MGDCSM,4,6
MGYGSM,4,6
MGDGYM,4,6
MGDGSV,3,6
MGDSSM,3,6
MGDGST,3,6
GCDYPR,3,6
GGDGSM,3,6
MGDYAS,3,6
MGAGSM,3,6
MGVGSM,3,6
SSLYYS,3,6
MGDRSM,3,6
AYYDLY,2,6
GGDYPS,2,6
MGDDSM,2,6
LGEGSM,2,6
ASLYSS,2,6
SSLYSY,2,6
MDDGSM,2,6
MGDGSK,2,6
KGDGSM,2,6
TGDGSM,2,6
MGDGPM,2,6
GGDYPL,2,6
GCYYPR,1,6
GRDYPR,1,6
SSLNCS,1,6
GGDYAR,1,6
SSMYSS,1,6
SSLSSY,1,6
GGESPR,1,6
MGGGSM,1,6
MCDVSM,1,6
RGAGSM,1,6
RGDVSM,1,6
MGAGSR,1,6
YSLYSS,1,6
SSLYYY,1,6
SYLYSS,1,6
SSLFSS,1,6
MGHGSM,1,6
MRDGSM,1,6
MSDGSM,1,6
MGDGSR,1,6
IGHGSM,1,6
LGDGSL,1,6
MGEASR,1,6
IGDGYM,1,6
RGDGTM,1,6
MVDGSR,1,6
MCDVSI,1,6
GGDYTR,1,6
MADGSI,1,6
TSLYSS,1,6
MGDGAL,1,6
GVDYPR,1,6
SALSSS,1,6
GGDYQR,1,6
VLSAGA,1,6
RGDGAM,1,6
MGDYPR,1,6
MVYGSM,1,6
GDYAS,3557,5
LASDS,1266,5
GEYAS,21,5
GDGSM,7,5
GDYTS,6,5
ESYSG,6,5
VDYAS,3,5
CDYAS,3,5
GAYAS,3,5
GDYSS,3,5
LTSDS,2,5
GGYAS,2,5
LASDY,2,5
GDNAS,2,5
GNYAS,2,5
LASES,1,5
LASDT,1,5
LASVS,1,5
LASDC,1,5
MGDGS,1,5
QYESY,1,5
GESAS,1,5
RDYAS,1,5
GDYAT,1,5
GDYES,1,5
GDYPS,1,5
LAYDS,1,5
DSYSG,1,5
AEHS,2132,4
YYDD,243,4
SEHS,14,4
EGHS,5,4
AENS,4,4
SYDD,4,4
EVDY,3,4
SSLY,3,4
LAYY,3,4
YGSN,2,4
YYDE,2,4
TEHS,2,4
YSDD,2,4
GYYD,2,4
ADHS,2,4
GEHS,2,4
ATTY,2,4
AYYS,1,4
AEQS,1,4
AQHS,1,4
AEHY,1,4
AEKS,1,4
AYDD,1,4
TYES,1,4
YYAD,1,4
ESAI,1,4
AYY,5049,3
GHG,145,3
TYY,7,3
SYY,6,3
EYY,6,3
ADY,5,3
AYN,3,3
AYS,2,3
GYY,1,3
AYH,1,3
GQG,1,3
ASY,1,3
QYY,1,3
ADF,1,3