CDR-H3,Count,Length
GLGGYRYKGDGGYHLQP,14,17
ITYLGGGADYSYRTGYL,4,17
YGGGADYSYPYTRASYD,1,17
GDGGYRYKGDGGYHLQP,1,17
ITYLGGGQDSFGGRSV,5,16
EGGYGSGGDPYELLSD,2,16
DGNESGAFKHGLPTYT,2,16
YYALDSGYRGAKTPAS,1,16
YGGGADYSYRTGYLPY,1,16
YGGGADYSYRTGYPQA,1,16
YGGGADYSYRTGDYID,1,16
QESDDPGVVQIGLFDS,1,16
GANRYGYDRHTTPEVT,1,16
EGGYGSGGVKKATDSG,1,16
GSSSVAVYYCARASII,1,16
GRVLLCEAARLLWLPV,1,16
AGYASIYYDEQSGGSG,1,16
AVYYCARPYYGGDPDY,1,16
YYEYAPRDSYYVRHRN,1,16
AEYGGGADYSYRTGYL,1,16
LIGPTTRSSRLLWLPV,1,16
GSTRAAAVYYCARYGQ,1,16
AEDYYSPSYPYGYLGL,1,16
ASYPRHQTGDYGSLY,19,15
KSYIVYKGPYPAYMG,12,15
GSYPRHQTGDYGSLY,5,15
QAPSHYYKEYGRLSK,8,15
ADGHDKSYKGHTQKA,2,15
GANRYEIQSMPKKTD,2,15
DSYPGGAYGSGGRSV,2,15
DAGTTANTYSSDYSD,5,15
YGGGADYSYYYLGSY,1,15
KSYIVYEGPYPAYMG,1,15
KSYIDYEVPYPAYMG,1,15
YGVGHYLAAKYNYYA,1,15
ITYLGGGQDSFGGDS,1,15
YGGGADYSYRTGYLM,1,15
YEMSGAGYSYRTGYL,1,15
YNIYASFGRHSGYTY,1,15
GGSYLLGSPHARYPL,1,15
EGGYGSYLLEAMYPK,1,15
EGGYAMVYNTSYDGA,1,15
LGRLYSDSKATEYPY,1,15
DSYPGGANYNAKHTL,1,15
DSYPGGAYGGSRYPR,1,15
RYGYTDPDYYHMDAS,1,15
QYRYGGGLGANDYNS,1,15
ITYLGGGHDSGYSGA,1,15
GVYAMVYNTSYDGAD,1,15
PIYSHVGQRYSTQND,1,15
GSTRAARLDSGYRGA,2,15
AVYYCARESEGDLGT,1,15
YGGGADYSYRTGYL,1188,14
GVYAMVYNTSYDGA,60,14
AT-SYEGMGGDGEK,25,14
GEYETPYVAYAGPP,8,14
LGRLYSDSKASYSQ,7,14
KSAAYFGMYSLYSR,5,14
RYAYMLAGYYSENY,8,14
ASYQSPYSTGNYSN,7,14
LPTSYGAETATGYT,3,14
GYYGSGAQYSPYYP,4,14
YGGGADYSYRTG-L,4,14
RIRYPEQKGLGLFH,2,14
YGHYYLAAKYNYYA,2,14
YGHYDFHGGHKSHS,11,14
SDDGAASLDIASMP,11,14
FLAYVKLGYDSGYL,2,14
KSHNSPYDQARSAH,2,14
DYNIAGPGNKGQSR,3,14
YGGGAD-SYRTGYL,2,14
ITYLGGGQDSFGGA,4,14
YGGGADYSYRTGYQ,2,14
NGYGAFSSKYTSKH,2,14
YGGCADYSYRTGYL,2,14
YYKPSVAYAQDHHK,3,14
YTGPSGPSARYGKG,3,14
-GGGADYSYRTGYL,2,14
SYYRASMPPARAYY,3,14
SDTDPPDGGYAYPA,6,14
RADGPYKYIDYGYP,5,14
SGSASYGGDTQHKY,2,14
GTDSSDQGNSAQGI,1,14
NGDYFDYGDYHTTY,1,14
ISDLMRGHMMDGDY,1,14
AGYPGQPYPYSGGQ,2,14
KIANYSVTGDSGGA,1,14
YYTNFGYAPMGGSP,1,14
YCGRADYSYRTGYL,1,14
YGGGSDNSYRTGYL,1,14
ITYLGGGQDSFGGY,1,14
ITYLGGGQDSFGRG,1,14
YGGGADYPYRTGYL,1,14
YGGGADYTYRTGYL,1,14
YGGGAD-S-RNGYL,1,14
YGGGADYSYSTG-L,1,14
YGGGADYSYRTGYR,1,14
YGGGADYSYRTGYK,1,14
YGGGADYSYRTGHL,1,14
YGGGADYSYRTAYL,1,14
YGGGADYSYRTDYL,1,14
YAYFYGASSASYAS,2,14
YGDSNDGEGAYAGD,2,14
YLYQYNDYPIYPAY,1,14
YGDGADYSYRTGYL,1,14
YGHNDFHGGHKSHS,1,14
GHNSDYGYYIYATY,3,14
SGQYYGDYDGASYP,1,14
SVYAPLVRYNAAYE,1,14
YSQTNVGEVAAYDD,2,14
ADGHDKSYKGRTAY,3,14
AYDHGASPSLDLSK,1,14
RLAYTYQLGYSLAY,2,14
GANRYEILSAYYMA,1,14
GLADLASDYYTAEG,1,14
GDHHGPFYFSYYES,1,14
LLSSGYSYAKPGRD,2,14
PGDAENDYAQQLKP,2,14
PFYSIPTPPYFGRK,1,14
VKTYGDRHNYYPEV,2,14
DGGGADYSYRTGYL,1,14
AGYLPPYRAILTKG,1,14
LVGYTLDYGSLGTD,1,14
EGGYGSGGRSGYTY,1,14
EGGYGGDPYELLSD,1,14
EGGYGSGRHSGYTY,1,14
GLGPANNDPEQSDG,1,14
DSYPGGAYGVAGGP,1,14
DSYAMVYNTSYDGA,1,14
GRVLLCEVRILLCV,2,14
ELEGSSYSQDSSDD,1,14
YPGYQYQSNFYYHL,2,14
VHQYLSYDTQSYVQ,1,14
GYPFRRLPISYTNA,2,14
GGSSPPMSSSSTDL,1,14
SYYHGRMTLHILYS,2,14
FLAYVDYGDYHTTY,1,14
-GGGADYS-STGYL,1,14
R-AYMLAGYYSENY,1,14
YYGSLNKYNTDLQR,1,14
GRHYDNGHGGNEYA,1,14
EPQTYSYHSKGSYN,3,14
DVYAMVYNTSYDGA,1,14
GRVLLCEGNHPKST,1,14
GRVLLCEGSYYQAY,1,14
LGDGLGSRPHSTNT,1,14
LGYDGSAQGDISGA,1,14
SSYYDYYYGKGLRD,2,14
TGYPGQPYPYSGGQ,1,14
TDGQQDVPPSIDDS,1,14
PGDAENAYAQQLKP,1,14
RDHHGPFYFSYYES,1,14
RADGPYKNIDYGYP,1,14
QDSQSYDSLNLSKA,1,14
SDTDPPDGGYSYPA,1,14
GYDPGYGFYPSQYY,1,14
AEDYVDYGDYHTTY,1,14
AEDYYSPS-PYGYA,1,14
AVYYCARKYGPYLG,1,14
YGGGADYSNRTGYL,1,14
SYYHGRMTLHNL-S,1,14
AEDYYSPSYPYGS,1060,13
ITYLGGGQDSFGG,469,13
GLGGANYNAKHTL,37,13
GDYVDYGDYHTTY,63,13
SLPRDSYYVRHRN,47,13
GYPGYVSKYDLDG,40,13
SYYYLAAKYNYYA,49,13
DPHYTRLHRGGFH,33,13
DQGYSYVAKTPAS,35,13
DAVSTDDDEDYNA,10,13
YGVGHYGGRRVPA,31,13
DDSYASNHGGDGD,26,13
IAEARLHHSAQPS,20,13
RKYKSNVYQYNYD,17,13
MYGGGALMSARHS,17,13
LASDGSGHHGTDN,19,13
YGHNYDEQSGGSG,12,13
AGKYHAYAAYGAT,27,13
RYYKGMGLGYSLD,10,13
GLKGDYSYAKYSL,10,13
EPGPTRRWWSDGG,9,13
AYSFKYKATSGIH,6,13
YVLYYYSIATEQL,6,13
LMGSAYKNGGLGK,9,13
AVTILSPPKYYPS,5,13
PTGYYTGQVDGPG,5,13
YGDFLRFWYLSTG,11,13
SNYYMYTHHTNDY,12,13
AEDYYSPS-PYGS,5,13
LVFPYHYAYGGLG,5,13
SDYTSSHDDESSH,5,13
GANRYDVLVPDTS,2,13
SLGYGYYAYRLKS,2,13
VDGSDNFDGMQGQ,2,13
RGVKSVYYIYHSR,12,13
VNYILSAYDPQGP,2,13
SDPGRRIFGASPT,2,13
TQPSYSDPFFDSY,2,13
VKDDYVDYTRGPA,2,13
RVNYALDSGYRGA,2,13
VGPHSRRLPTGLP,5,13
GAKQSDHVYYRGI,3,13
YQYYYSAYGTRPS,3,13
SYDPGSEDYNGSY,3,13
EKYYYSPDMSYYP,2,13
ITYRGGGQDSFGG,2,13
KDLKGGSDYTVND,2,13
YGGGADYNAKHTL,2,13
IFGYGYKGYTKLS,4,13
ITYLGGG-DSFGG,2,13
NVPYGYGRGLFYS,6,13
AAQGSYEASGHNQ,3,13
SYDKPMSPSLYLS,2,13
GSSHSVTGDSGGA,6,13
LYPQNDTGQDDLS,2,13
YYALDSGYQSRTG,2,13
SYSYVARHSASGN,3,13
RYGYGASTGGFGY,2,13
SGSTVGYYTQGYA,6,13
YYALDSGYDDLYS,2,13
AEDYYSTSYPYGS,2,13
SPYAYSSTSDYGD,5,13
STESHEYYGTTPS,2,13
SNPFYLSAFSYGP,2,13
ADGAYLDSYEYYH,5,13
PYYGGDPYELLSD,8,13
KYIGYYLPDQATE,1,13
NYGSYLLEAMYPK,3,13
YSDGQDLLSPGPY,1,13
SSPTGGAKDYDAE,1,13
SQAYMGYPYHGGI,4,13
KPVPICCTPVIPT,2,13
FGGGAYSGRDGAA,3,13
SYTSGDNSNGGNY,1,13
PSMQGSKALAYFY,3,13
DGMAGDGISSSDY,5,13
LGRPSYGDSPSTT,1,13
SGSPTGYYYYDTL,1,13
ITDLGGGQDSFGG,1,13
ITYQGVGQDSFGG,1,13
YLLKMYLGTKATG,3,13
YGGGADYYTDGTL,1,13
HGLQDYSGYSHKY,1,13
YYALDSGYRGGSG,1,13
YKRSKQFYGQYLG,1,13
YASPFGPNYSLTD,2,13
SSPTGGAKYYEAD,2,13
FVLYYYSIATEQL,1,13
AAYDYYSIGDYID,2,13
DGGPGYGADVEES,2,13
LIPYSLGLRKYAS,1,13
LGEKLAGDYVYVY,2,13
GSPYAGGGGAYKG,3,13
GANRYEIQSKPSS,1,13
GLGGANYNAKHTQ,1,13
AEEYYTPSYPYGS,1,13
GYSSLPHDTHKYD,2,13
AVYYCARSGGPQG,1,13
GYPGYVSKNDLDG,1,13
RTYGYSGYGMIPT,1,13
LIPYSLGLRKDAS,2,13
GNSQYADSDPGVT,2,13
EGVGHYGGRRVPA,1,13
AGGYHTYGYYSLT,1,13
DDSYASNHGGDCD,1,13
EGKYHAYAAYGAT,1,13
LLPYSRDDISQQD,1,13
AYGNYGFKGDSPG,1,13
NNYLGGGQDSFGG,1,13
PPPYIYYYKVFYA,1,13
DYVGASQGMQVTY,1,13
DSAGSGVLYLLPY,1,13
EGGYYSPSYPYGS,1,13
YGGNNAATKRSTN,1,13
EGYYYLPTYYAGY,2,13
SGMGSLHYSQHAP,2,13
GSSLSQGYRSYYS,1,13
VGYSSSPRGRLPS,2,13
SLGYLSLFGYSGM,1,13
YYLKGSGYYTSYY,1,13
ASLPYYYGYSGHY,1,13
ASYPRHQTGVPYL,1,13
LIPYSLGLRTDAS,1,13
YVPTTIYLSANSR,1,13
GYENAEQYPSPGL,2,13
YVTTTNYLSAKSR,1,13
NYGQTDYYTDGTL,1,13
VFYANEEDSNYYS,1,13
GRVLLCEVLSYAD,1,13
YVLYYYSIATDQL,1,13
PTATRSDQTYNGK,1,13
LMGYAYKNGGLGK,1,13
AED-YSPSYPYGS,2,13
DGSGSASNLYYYL,1,13
YGHN-DEQSGGSG,1,13
ITYLGGGQDYFGG,1,13
VSAGSGVLYLLPY,1,13
AEDYNTPS-PYGT,1,13
AEGYYSPSYPYGS,1,13
TQHGTGSTKSVAS,1,13
KPYTYTKGSSSPK,1,13
AEDYYSPSYP-GS,4,13
AVYYCARGGDKQY,1,13
AYKTDYSGSVYGD,1,13
AEDYNSPSYPYGS,1,13
YGHNNDEQSGGSG,1,13
PYQYYFIVLTDSQ,1,13
PSLSTLAMYYDSD,1,13
HGYPGNSYSQAYN,1,13
DADYIIYGYYPNS,1,13
DNSDSYTADLSFG,1,13
EDLAYDDASADLT,1,13
LSDAKYDSDGDSH,1,13
SIDESASSDPPGG,1,13
AEDYYSQS-PYGS,1,13
GLGGAN-NAKHTL,1,13
AEDYYSPSYPYGT,1,13
AEDYYSPSYPYGP,1,13
AEDYYSPSYPYSS,1,13
AEDYYSPSYPYVY,1,13
AEDYYSPSYPCGS,1,13
AEDYYTPSYP-GS,1,13
AEDYRGAVEGVLG,1,13
AEDYYSQSYP-GS,1,13
AEDYYSPYYPYGS,1,13
AEDYYSPSYPNGS,1,13
TEDYYSPSYPYGS,1,13
AEDYYYPSYPYGS,1,13
YASPYSLGSHHAD,1,13
YQYYYYAYGTRPS,1,13
FTQSANHKPHGAG,1,13
FADALGRYSTSYS,1,13
YGNNYDEQSGGYG,1,13
PSGGAYQSYQPGG,1,13
KGYSIYQYQNSA,436,12
AEYKYGKHYPLH,71,12
SDAFKHGLPTYT,41,12
ITGSGRHSGYTY,37,12
AVYYCARKDHDD,11,12
YYDRYAYLSILT,9,12
YHTARDDKQPSA,19,12
YNIYASFGRYMS,20,12
SYYAGPRYSVLL,12,12
LYNGGYQVRYNN,19,12
GPGRRIFGASPT,12,12
GSPAYRTHSGID,15,12
YSGRTGGAYTSA,9,12
YFTLRSTRYPAY,16,12
YKPLNASYDGHT,7,12
TYDAYRGHGSTT,6,12
ITYLAAKYNYYA,3,12
PDYGYKAYGSYL,3,12
TGESRPRMNTQS,10,12
KDYIKNMHPGSP,3,12
EGGYGSGGRLPS,3,12
EHNMLDDLLGTA,11,12
DSAPTGEDDTDD,7,12
PTKLSYPYGRGY,3,12
RDMITRYYTLVG,4,12
ATYQGGPKGGQL,8,12
AAGKHYTGSPTN,4,12
YGGGALMSARHS,3,12
GANRYGSGGRSV,3,12
VSTYYLHSYKPG,4,12
SHQGNPSKYYQF,6,12
SDDASIDTSYTT,4,12
EGGYGSKYDLDG,2,12
ATLYFKYRLLEN,6,12
YMPYAVYYLAKY,5,12
VKYYDGDYPPYY,3,12
LHRHPSGGQRPN,7,12
YGYGDGNNISYL,2,12
RSPPTTGYSSHY,2,12
YPPSYGRAHYPT,3,12
YPLPKTPLKQTY,2,12
SYYGPIASLAYS,3,12
YGKVGYKVYNYK,3,12
IYKGSYAEDSPG,2,12
LYYGLGGKQSSN,2,12
DTGYLGPLIPAY,2,12
AYSSSNTSSPDA,6,12
YGGMDYVLAYMA,2,12
PAVYMYAHAGKY,3,12
RYYGYDQNEQPY,3,12
RPGIDKIPQGSG,4,12
MGQHSYKTVDYY,3,12
YDPEHRMKGYLP,3,12
YKSSLAEGGAYD,2,12
VTDDSSEGRMGN,8,12
DAYLGSSSFPSA,6,12
SYMGYGSGAYAG,4,12
LSEVTLPGDGSK,5,12
DHQYDNLSSSGA,2,12
RESPSYYYTLSS,2,12
NSDYVYSGYGDY,2,12
YMYGQTDKAYDY,3,12
TYGSSGYSDYAE,3,12
GASTGQGDNAGY,2,12
NFESGKAQGYDG,2,12
AFTLRSTRYPAY,2,12
YIPSYKAGAYPL,2,12
SYSPVAGGGTLL,2,12
AYYRFYNTNYYQ,3,12
YGYPYIPGQYPR,3,12
NTHALQQYSEYI,1,12
TKLYGAKYNYYA,1,12
NNPSRHYRAAPY,5,12
YAVYGEDYYHKK,1,12
IYAYSYYDEFSY,2,12
TYHGHSRYSDGA,1,12
SVLNYAKHPKPG,2,12
YFIYGYTPMAIG,1,12
RSYGSGAASYLH,3,12
RLYGYNGYGFTY,3,12
GAGYYYYAYYVQ,4,12
GFAEAGYTTPYD,1,12
GGGSSDTDYRSQ,2,12
DQGYSYVAKTPA,1,12
DYDAPKSISYSY,1,12
LDDPTTGPGRPD,1,12
AFVGSPHARYPL,5,12
LGSFLYRYGYRY,1,12
LYQSYFGTPKYA,2,12
ITYLGGGQDSVY,1,12
ITYLGGGQDSYG,1,12
YPAYYYHHGGTS,2,12
YLPGGSGAYFSY,2,12
QGAPYVTGSSLN,4,12
VSTYYLHSYRPG,1,12
MDGGSGYKSGHS,1,12
MYNSDNEDYHSS,2,12
YYALDSGYRGAY,1,12
SMLELMTYNGSM,1,12
YKPLNASYDCHT,1,12
YYT-SAESGPSS,3,12
YDGQPGYYSSDG,3,12
SSYLDDPSDDSY,1,12
KTSTGPNALKGS,1,12
DQATTYEAGSTD,4,12
EYYHDDDLHTYS,1,12
ALDLDYSGYGGR,1,12
ADYRGAVEGVLG,1,12
AGAGAEQDMTDT,3,12
DGYSYSSYYYPS,1,12
PKYYGYTLHHLP,3,12
PYSYNGYMPPYH,1,12
MDYDDGFGSYAY,1,12
MGQIYPLYPYSK,1,12
QGTSYIANTGVH,2,12
QTGYSYARYGSA,2,12
LTSLDNSGLQED,1,12
LPITGPIDAGPS,2,12
LAYTYYGLYYAN,4,12
GAGGSYHRILPG,2,12
GAGKHYTGSPTN,1,12
ASASQQRRDVSY,1,12
GANRYKGHTQKA,1,12
SDESGTSSTQFP,2,12
QPYGSDVSDGG-,1,12
PTDAPKSISYSY,1,12
QSSLDYDAAAAG,1,12
QSGLDYDAAAAG,2,12
MDYGRSLDTTPD,1,12
PYYTAYLSYRLT,2,12
KGSYYYGGYSKY,2,12
AYFYYYVLYYLG,1,12
NYGGYSPYTYDS,1,12
NSRSGRHADHAY,1,12
EGGYGSSYSAPS,1,12
EGGYGSGGLATL,1,12
DPGSGLYIGFYG,1,12
AGDGLLPYHNYY,1,12
ADYSASASDPTS,2,12
DYYQKDGLVYSD,4,12
DYYGPYYPSGQD,3,12
LSNDPPPAAASM,3,12
EEYKYGKHYPLH,1,12
LDGPPPYPDAGV,2,12
EGGYGPLGHKSG,1,12
EGGYGQYTRATS,1,12
GGYGTGAYQPVT,1,12
SYSDSSGSEGEV,4,12
DSYPGGQTYGYY,1,12
PPSYSHDEIPFL,1,12
AYSYRLDYSGPG,3,12
RYGYVSKYDLDG,1,12
GRFTGSSLGGLH,1,12
GLPYNRGPPLKF,2,12
YDYYDYYELLLY,1,12
VDLTGDGAGGYG,1,12
SMVHGPSKANAG,1,12
YFPYTRYGQYPR,1,12
YSYPYIPNAGVG,1,12
GSYSYVSYYYPA,1,12
GDHYQTPGYGYG,1,12
SYVDYGDYHTTY,1,12
QYSGETLFTYRG,2,12
KGYSIYHYQNSA,1,12
SKYYGYTLHHLP,1,12
YTPLQMYYSANQ,2,12
TKLYGGGQDSYG,1,12
QAGTGGPYYGMT,1,12
MGGSQAYTMYLG,1,12
PSQVVLSYPYTD,1,12
LMIPDKYRTAYD,1,12
KGYSINQYQNSA,1,12
YGADDQEDKYSV,1,12
YGYGDGNNIS-L,1,12
SHPGNPSKYYQF,1,12
GDSPYGDDELTP,2,12
DAYFADDGLYYQ,2,12
YMYGQTDKSYDY,1,12
YDRRYHGSSDGD,1,12
DAKVYTQDGSGA,2,12
ITYLGGGQSKTA,1,12
SYSDPNYRTSSP,1,12
SSYYPAQASGMG,1,12
YYALGSGHAYPY,1,12
YIKYYYYMNSVG,1,12
KGYSIYKYQNSA,1,12
ESLAYQTTANSY,2,12
TQAPYAGAQQVG,1,12
TRAGYPFYPLGH,1,12
TRYLTVFSYGPQ,1,12
TGQPPSYSLADD,1,12
RGYSIYQYQNSA,1,12
YTTDIGHSTSDV,1,12
KGYSVYQYQNSA,1,12
KGYTIYHYQNSA,1,12
KGYTIYQYQNSA,1,12
KGYYI-QYQNTA,1,12
KGYSIYQYQNAA,1,12
AEY-YGKHYPLH,1,12
ASTNSYSYGYGS,1,12
AGYLDDYDYTLA,1,12
RAYGVLYGTSDQ,1,12
PSSPSSYSTDPH,1,12
HPTTGEPYAYLG,1,12
QSHDSQGSAAAY,1,12
DDDQGGDYSEQG,1,12
DPLQYNGYPTNY,1,12
DGYRGQFQVNDY,1,12
DSGLDPDTDTMN,1,12
SSAYYKKGDDYY,1,12
YSSGSASPHVDT,1,12
YHVGNIEFYSSS,1,12
GGSSQTYLYTHA,1,12
GDQMSDSGQYSP,1,12
VTLGASSYGSFL,1,12
GPYSGPTNSSYY,1,12
SDAIKHGLPTYT,1,12
KG-SIYQYQNSA,1,12
MGYYHYRYADYA,1,12
YGDGEIGPGRAS,1,12
YSNEDYPYYGAA,1,12
YMAGPTPSYPYK,1,12
YPRPALELDSVG,1,12
SLSYPDGGQRPN,1,12
SDSFKHGLPNYT,1,12
SYALIYGSPYDG,1,12
AGYTEYQLQPYE,1,12
EGGYGSGGRSV,5571,11
YYALDSGYRGA,3260,11
TKLYGAKTQTF,248,11
QYRYGGGYDHS,91,11
NSRSGRHADQA,81,11
YYEYAPLPVFS,68,11
AELYSQKSQQA,42,11
AYTVHYHGSYY,29,11
DADYIIYGYYL,27,11
LDQRTKGAYRA,26,11
PGYSMDYYGYP,25,11
RMIGRAIYITA,25,11
SQAYGYKLHDD,25,11
YYQRRYFHSYI,22,11
GKSYKGHTQKA,21,11
AYTSYTQPFQY,21,11
AGTGVHRFHAY,19,11
RSMYQRYSYVY,17,11
KYHRLDGPYPS,16,11
GGGP-LYYIYT,15,11
GYDAYYAAYSG,14,11
PGRYMPSDIFN,14,11
MDGTNSSALSM,13,11
YASPYSSYSPR,13,11
NDQGYKYPYTA,13,11
GQDVTPDYPDP,12,11
EDPAGYAYGSY,12,11
EGGYGSGGRAV,11,11
GHGPDKRHQDD,11,11
YDSPYYYIKQR,11,11
LYGSSYNDYLT,10,11
DGSIPYAYDLY,9,11
DGGYGSGGRSV,9,11
YFPYTRYGRYK,9,11
YPYSLGSHHAD,9,11
RQYPTMVTRLL,8,11
PAHPGYKSAPY,8,11
LASKYSTSFMT,8,11
KASYGAPDSPD,8,11
GRILGSSAYGG,8,11
LRGHSPYTYDS,8,11
YGGHLDYPADT,8,11
GLGSRPHSTNT,8,11
RPMSGISSNAY,8,11
YSDTDYNMAYH,7,11
EGGYGSGGRYV,7,11
VLPYFQRYPYH,7,11
YPWVLVVHRKR,7,11
PIYSHVGQRYS,7,11
GQDARKRYPND,7,11
YPYGDSGEGMG,7,11
EGGYGSGGRSG,6,11
YYAQDSGYRGA,6,11
PYKYSSRYYLG,6,11
TYYGVHYHQRA,6,11
TSFLPYSLRLH,6,11
EGGYGSGGRSF,6,11
GGAPYYRKKIA,6,11
VDHDQDDGPNY,6,11
LYPSDGHDPQS,6,11
RSGSVQGYLPA,6,11
AAPNYGGRHYS,6,11
SYYFYASYFIR,6,11
GGGYGSGGRSV,5,11
AFGAHYQGMAY,5,11
YRPGAGVQGTY,5,11
KGGSPRYKHFF,5,11
LDHGPDSQRHT,5,11
YTPTNGAARYD,5,11
TTDYQGRHYPT,5,11
QGGGYDSYSDN,5,11
YAESLLPSSSY,5,11
AYTIDYSNVGE,5,11
EGGCGSGGRSV,4,11
TRPTFYYYSLG,4,11
GTNAHKQGTSA,4,11
EGGNGSGGRSV,4,11
LSSYHKRLKIG,4,11
GADTHTRYGQS,4,11
YSSMSPGSAAT,4,11
YDRRYHGSSDG,4,11
SQSEEASMNLD,4,11
KGSLYSRVRPH,4,11
SDSTSLKGLKS,4,11
YYYYSPDSGYQ,4,11
TSYNLGYYSLK,4,11
YYALDYGYRGA,4,11
MPGQTTYVEND,4,11
GPNLPYYDYSF,4,11
SDSQYYSYLDS,4,11
GAYYGGNAYYG,4,11
YLYIIYSDKTG,4,11
SSSHHSHN-LQ,4,11
VNQRYTNLYSA,4,11
DFYYKTRSPND,4,11
NEGEAYADHQA,3,11
KGGYGSGGRSV,3,11
EGGYGSGGRSD,3,11
EYQDSSLGTYD,3,11
VIQLGYYQIFY,3,11
SNPFYLSAFSR,3,11
QRHDGDAYDEQ,3,11
MRYYGYTGQLS,3,11
YSLLRWYHRWS,3,11
GPESYRDDYYK,3,11
AGASGETYEYP,3,11
IRYTHRTLRHN,3,11
QDASSSGPALD,3,11
SSSYSIMLYVY,3,11
STPTHHLPADV,3,11
ADLNGYDDGPD,3,11
AIQARHVYPLK,3,11
YEPILHRNLPD,3,11
SDPLSSPDDAY,3,11
KPYLGSYGRNF,3,11
-GGYGSGGRSV,3,11
GGDATGYGQRS,3,11
AEGGSIQHYLR,3,11
GAGSTYQDYDY,3,11
YSTKMNGETSY,3,11
MDLYDYPYSSS,3,11
YRAYYLLTTDT,3,11
GATYYVPAKYK,2,11
EGGYGSGGRSE,2,11
EGRYGSGGRSV,2,11
YTLSYLDSYDY,2,11
LSSYGLPGFDS,2,11
YNYTSYQSSSR,2,11
TGFTIYLYYQT,2,11
PTYLGYYSESY,2,11
RLYYYGSAAYP,2,11
PKQSDYMYAPL,2,11
YYYLGHSDSDK,2,11
GPRYSYHPPKQ,2,11
GSYQGMSGAYS,2,11
VTLPTTLRSPG,2,11
DYGYHGYYIVS,2,11
AGPGGSDSDYA,2,11
DPYSSFTDAAN,2,11
AGYASIYYYGY,2,11
AASVSGQEYLP,2,11
APPYTDYYSLA,2,11
KGQPSDDYGDP,2,11
QVMQDTNTSSY,2,11
GYPYYEPYDLV,2,11
YYEYAQLPVFS,2,11
YYALDSGSLEP,2,11
YYALDSGYGSQ,2,11
YYALDSGYRCA,2,11
YYALYSGYRGA,2,11
YYALDSG-RGA,2,11
YYQRRYFHSYN,2,11
SADTYSYMGGY,2,11
SYGSYVAYLLY,2,11
YGYGGGQDSYG,2,11
NPYHMGYGPYN,2,11
TGQFLDGDGRY,2,11
ILAYGKDSGMS,2,11
YPGPSSPPGYN,2,11
RTYQRAYPFDY,2,11
AGLAGLYGLEG,2,11
YYGDGPKKPGG,2,11
YYYDGGYAYAG,2,11
SPPDGNSYYSD,2,11
QYAYSYSYKHM,2,11
VDYAGADTQTY,2,11
YYALDSGYRGG,2,11
YYALDSGYPGA,2,11
SDGDSTSPLYD,2,11
YSPGSTYGGYG,2,11
YLTQYDPNDLE,2,11
YNALDSGYRGA,2,11
FSYGSHVSTGS,2,11
DGGVKKATDSG,2,11
HYGYKGGSVGY,2,11
GRLKSYLTELR,2,11
EGGYGSGGRCV,2,11
AYSTGSYKSYP,2,11
PNHSTGYGYSM,2,11
QVELYLSPPYD,2,11
ADKPTGYGSNL,2,11
ADLGISADPYS,2,11
DGGMSPLVQYY,2,11
EGDDLIDPSLT,2,11
DSGVTGGGGVS,2,11
VRARPQYPSVD,2,11
YNRR-SDLSSY,2,11
GSGSLANVKAY,2,11
KDKGAPYRYGV,2,11
SGSYFPDYDGY,2,11
PSKYSYPYLYS,2,11
GPGADYGAAMT,2,11
SEITAYDGDYA,2,11
GYSKTLYPYKH,1,11
YYEYAPLPVLS,1,11
YYYYSHDSGYQ,1,11
TSGYYSATKAG,1,11
ITYLGSSAYGG,1,11
TEEQMAGAPDE,1,11
LTAYPGERHNT,1,11
NPGYYPYRYPS,1,11
TKLYGAKTPAS,1,11
SDTGYLGTTSG,1,11
ITGESGYDLLP,1,11
TKLYGAKNQTF,1,11
FSSYDGSGGLG,1,11
GTGQSGSYEYS,1,11
PYGYSSYYTIL,1,11
PGVYSPQGAAS,1,11
RNRATTQSQNT,1,11
EDYAYYYGYSD,1,11
EASYGAPDSPD,1,11
LLYPIAADSLY,1,11
YVGGDSGYGSQ,1,11
IYYPYYAYPPY,1,11
YGGSYDHLLSR,1,11
IKLYGAKTQTF,1,11
QGGGYDSYTDN,1,11
YTPTKGAAPYD,1,11
YTPTNRAARYD,1,11
YGGGADYTHTS,1,11
HPYDSTYMYNA,1,11
YYALDSGYCGA,1,11
YYALDSVYRGA,1,11
YYALDSCYRGA,1,11
YYSLDSGYRCA,1,11
YYSGPTYGLQG,1,11
YYALRWYHRWS,1,11
YYALDAGYRGA,1,11
YYALDSDSRGH,1,11
YYELDSGYRGA,1,11
YYEYAPLPNGS,1,11
YYALDSGDYLY,1,11
YYALDSGYRGT,1,11
YYALDSGYRGP,1,11
SPYNVTDDEYL,1,11
SGKSLYQKYHP,1,11
SGMDHYSSDNA,1,11
SDALPYVGSDA,1,11
SYALDSGYRGA,1,11
YPDYPTDQLYA,1,11
YDALDSGYRGA,1,11
YDKYADQAGYG,1,11
YYPLDSGYRGA,1,11
YDYKSARSDPA,1,11
SGMYSTRNGQD,1,11
SSQPLGSNASM,1,11
SGDPDTGSSSY,1,11
SYGSLPYLLYG,1,11
SYILMPYYNQK,1,11
GPGSQGKLRSY,1,11
YYALESGYRGG,1,11
YYALDYGYSGA,1,11
YYALDSGNRGA,1,11
LYGSSYNDYLI,1,11
LYSYTAYYQMG,1,11
DTGYAYAGHAG,1,11
DYGYNQGYSSS,1,11
DAYYDPTYYQA,1,11
PYGYYKPRYQD,1,11
QVSQ-ADAGPY,1,11
MDGYGAINGSA,1,11
LDQFQKYLTVR,1,11
RLAYGRGLNGL,1,11
GGDLSSGSSLD,1,11
GANRYGMDLSA,1,11
GTEGFGYDRVG,1,11
EGVYKDIGYAA,1,11
HSLLRWYHRWS,1,11
QPIQNPKDDMV,1,11
QPQYPDEYYLS,1,11
Y-QRR-FHY-I,1,11
PSYAYAYSTLG,1,11
SYYFYAPYFIR,1,11
EGGYGAGGRSV,1,11
EGGYVYGGGAT,1,11
EGGYGFGGRSV,1,11
EGGYGSVGRSV,1,11
EGGYGSCDRSV,1,11
EGGYGSCGRSV,1,11
EGGYGSGGGSV,1,11
EGGYGSGGRSS,1,11
AELYGAKTQTF,1,11
AGGYGSGGRSV,1,11
AAPQSELAYNG,1,11
DGVSVAGYSSS,1,11
DVSAEASMNLD,1,11
DSLHYRVHSSD,1,11
LYGSGDYGLDA,1,11
LYGYYKPRYQD,1,11
EGGYGSAGRPD,1,11
EGGYGSGGRSL,1,11
EGGYGSGGRYS,1,11
EGGYGDSEAAS,1,11
EGGYGAINGSA,1,11
EGGYGGSRYPR,1,11
EGGYGTGGRSV,1,11
EGGYMPSDIFN,1,11
EGGYGSGGPYY,1,11
EGGYGSSGRSV,1,11
DSSYSIMLYVY,1,11
EGGDTYYMGAD,1,11
DDYQTALDPSG,1,11
EGGYGYGGRSV,1,11
GSYLHADDGGD,1,11
GKGYAGSGGIN,1,11
DAYGYAGMPGD,1,11
ATAAASNPTTS,1,11
DADYIIYCYYL,1,11
GADPQYYKGYG,1,11
TYQRRYFHSYI,1,11
LTRYYSDSSPF,1,11
YEDDMVDGYVT,1,11
PKLYGAKTQTF,1,11
LNETLYGAAPG,1,11
SELYSQKSQQA,1,11
DDDPYEQERYN,1,11
GISSLAHKDYG,1,11
ASSLYGKLKGG,1,11
GYPDYHHEGYY,1,11
GQLDYNLPSFG,1,11
GGPLYAEDYDG,1,11
DGYIPYAYDLY,1,11
FQSYGHHRGPY,1,11
D-YGEDYMDPS,1,11
SYGLGGDLIYL,1,11
YTGGSGYGRLG,1,11
YLPYDTPSDDD,1,11
PSKYLDYDQTG,1,11
SSSMYIYPTGY,1,11
GYPTDHDSGTA,1,11
YVYYYLLRLSL,1,11
VNQSYTNLYSA,1,11
TDSQSYDQYDA,1,11
QGPYYHATSPL,1,11
HKYGGYYGQDI,1,11
TKLYGAKTHTF,1,11
MYQSYMYNFYL,1,11
TGRYMPSDIFN,1,11
DKGTTIADNAD,1,11
YYALDPGYRGA,1,11
IHEYSSAYYDP,1,11
YYAQ-SG-RVE,1,11
DGSGSASTYDF,1,11
AYTSYTQPFKY,1,11
TKLYGAKTQTY,1,11
DRYAGLDGLYY,1,11
TKLNGAKTQTF,1,11
LYSYTVYYQMG,1,11
YYALESGYRGA,1,11
Y-AQDSGYRGS,1,11
GSVTTLPYAHA,1,11
GMGYSKMDHYE,1,11
NYGYPSYQRLG,1,11
YSYPYTRAS-D,1,11
KGYSIYQYQKP,1,11
AAGDYGALGQG,1,11
AYLYLGGQGSE,1,11
PYGSSYMYLAG,1,11
PPQQSNNEYGG,1,11
PANSQTQMVKA,1,11
DAESSVGENSA,1,11
LDLSYGSPTNH,1,11
LAGGYSSDAYS,1,11
RSMYQRYYLPT,1,11
LTLFDAGYDPG,1,11
EPYYSGPYYSS,1,11
EYHSTYHGGYS,1,11
ITPTNGAARYD,1,11
TGSYIRIPYQG,1,11
SIYPSYYPGDA,1,11
GYIGQSNYALG,1,11
VQPGNRDRKKY,1,11
GSADDHGLLPY,1,11
AEDYYSPSYPY,1,11
AEDYGSGGRSV,1,11
AEDYYRAISPK,1,11
ADDSISGGYQY,1,11
TSYNQGYYSLK,1,11
YYSLDSGYRGA,1,11
YYTGYGSYYSK,1,11
YAGYGLYPYDE,1,11
YGAGPGDSYPD,1,11
VYTEPYMSYSY,1,11
GHGPEKRHQDD,1,11
SLDYSTASGAD,1,11
LYLYMSAGGP,64,10
YYASRHYEQE,18,10
VGYSYKADYG,17,10
TFDDYTYDLE,6,10
RYGQYTRATS,9,10
DKYAKLPKYY,14,10
SSSRYGSLGS,9,10
DFGHGHDSTA,6,10
TTGGSAGRPD,6,10
FPSYGSPTNH,15,10
SSSLYTHHGQ,7,10
RYGAIYYIYF,9,10
PTYSYQTFPY,3,10
KQSDVGDQPH,4,10
QDGVYAPYSY,6,10
YYDHGRLYGY,13,10
ELEHGSPYDG,3,10
PGGAPTPPYP,3,10
LGAYSKYKYY,6,10
YLYQYNKYYR,3,10
YQPTYFSSYR,6,10
GGLGANDYNS,18,10
FSYKGHTQKA,3,10
YQPYYYYYYR,4,10
GANYNAKHTL,2,10
EGGYGSGRPY,2,10
DGLGGDLIYL,4,10
YKQMYPPLRT,7,10
RYKTKNSSPG,3,10
YLLEGHMYVT,3,10
MSSTDAVYYG,3,10
YAILLRSRLP,4,10
TYYPAYLRYY,7,10
YESGRATYLA,3,10
GQGYGGQAGP,2,10
DELGGSTYGE,2,10
ELLSESM-GD,3,10
ADMYGHYSYR,2,10
RKMGYFADPH,5,10
GKEYYLLLLP,2,10
GFSPDDTYAA,3,10
SISSKGTAPY,3,10
AKTGAIYGPK,5,10
SGAAYSYDQY,3,10
LIHRAYYAYI,4,10
ASLSGGLATL,7,10
VSGQDYPSQG,3,10
ADMYGKQQGA,4,10
GGALSDGLGG,4,10
SSSQPSQLPA,2,10
PGAASIKYHY,3,10
TSYYLSMRSS,3,10
SYASQSYDTH,1,10
TYYYFYILYH,3,10
ANGFLDDPSK,1,10
YPPLSKKSLG,1,10
KGDFSVQGYS,5,10
TDYSDYYHYV,1,10
QIQDGATSYS,1,10
RSSYAGYPGD,1,10
PSMKIYGMPY,2,10
ADVGVSYYPY,2,10
AEYGGLDSYG,1,10
DQRTKGAYRA,1,10
DDYHTYHAAS,1,10
ANGSNPGPRQ,3,10
EYLDPGSPGI,1,10
LYDEHGSYYA,1,10
YYNSGDSGYD,2,10
YGGGADYSYR,1,10
YGGGQDSFGG,1,10
YDPEYRGTPD,1,10
SLIPHMMARY,1,10
YPYYRFDDPD,1,10
QYYRYPYGFS,2,10
SSPGYYSYYY,1,10
CYGSESEGAV,2,10
SYQGESGSRG,1,10
DDYYYGPGYL,1,10
DVYTYYYMAA,1,10
DSSAYMYVQP,1,10
PPGGHYHQRA,1,10
PAGHGAASPD,1,10
PSRTLPSGGY,1,10
MGTYKRSTYG,1,10
PSGHHHASGL,2,10
RAYYYSDGTK,2,10
ASNAGGGYGS,4,10
GHYSSRPILY,3,10
GLQSASYSGG,1,10
GYYIAYFSSS,2,10
MLNPYYSYLH,3,10
GGSYYVYLYI,1,10
QTPTSYGQDG,1,10
QSTPYYLDGP,2,10
TYVKRHYSSY,4,10
ISGTSYGYYD,1,10
PYQPFSYSQN,1,10
GSGYEGLSPS,1,10
KGAGVLYNQY,2,10
KLMGSYVLPY,2,10
KIANYSPYAS,3,10
EGYGNYSVRP,1,10
EGGYGSGGSG,1,10
DPAPYEDYLL,1,10
DIYSYDDIDY,1,10
EGGYGSGGLG,1,10
EGGYGSGGL-,1,10
AGRFNDGTQP,1,10
AGQQRGGYSY,2,10
DLVEDYEVQY,1,10
EGGYGPGRPY,1,10
EGGYDGASYP,1,10
EGGYGSGKAG,1,10
EGGYGSGGHH,1,10
EGGYGSGGPY,1,10
GFGTMGLYYI,4,10
YAILLRYRLP,1,10
IYSGYRGGGN,1,10
LGDYDGTEFM,2,10
EAGGGQSYSI,1,10
RYGYTDPDSV,1,10
GDALDPPMYS,3,10
SAYGALSHDY,1,10
YPTLAYSKQR,1,10
YKPTYFSSYR,1,10
-STPYYLDGP,1,10
GSKTNAPSTV,1,10
GGLGGDLIYL,1,10
GAGYYPLFST,3,10
AKNGAIYGQK,1,10
FYYYHGHVYY,1,10
EGGYGRQIKD,1,10
PTYQPSDEDG,1,10
GDGSGLFPLS,1,10
TIYYRGDEYD,1,10
LDDYMISMYS,1,10
LPRPPYYGYN,1,10
MRAYTGYYYK,1,10
YKGAYLKYLG,1,10
LSEGHDGNSQ,1,10
AKTGAKTQTF,1,10
QYGSYNTYPD,1,10
SDSPEGEDED,2,10
TDMSGDGGAA,1,10
KYAGRYYGVG,1,10
KLVSYSGYYS,1,10
DYGLEYDGGY,1,10
GSLSGGLATL,1,10
LYLYMSAGSP,1,10
YSSDYYKAYP,1,10
PDRSQGQTYY,1,10
GASKGLSAKA,1,10
SYVYGYVYSK,1,10
YAFESAGYNY,1,10
YESSGGYDSD,1,10
TKLYGAKTQT,1,10
KSYGGSYSPI,1,10
KGYYKPRYQD,1,10
GSTRAADADE,1,10
ADGNRFLDAH,2,10
PGSYITSADS,1,10
PRATTNGYYY,1,10
LAKRLQPLST,1,10
LGYLNSPNSY,1,10
YGGATYTGSQ,1,10
GSPASSYGQD,1,10
AEDYYSPSYP,1,10
AEDYYTGGYK,1,10
AEDYYSPSGL,1,10
MYYYDYASVG,1,10
LYL-ISAGGP,1,10
RYGHYTRATT,1,10
RYQGESGSRG,1,10
STTYEGYLDA,1,10
SYSDRRYGGD,1,10
LYL-MSELGT,1,10
AVYYCARAYD,1,10
SSSQSDAYY,191,9
RASSYNPYT,31,9
FATGHSLDQ,20,9
TTSRAYTQP,20,9
SSRSKVAGY,14,9
GHMSDGVYG,6,9
PFHLKHYPS,20,9
YGPLGHKSG,15,9
YPDDLDKDH,5,9
YGYNMAVYP,8,9
SKHGKLYSG,4,9
VDDVSPASK,7,9
ARYYAGGYA,20,9
EGGYGSGGT,4,9
YSNASATPF,4,9
NLYSRPTLQ,11,9
ASASQPRID,4,9
NKQYGYMST,4,9
KSQSNASPY,10,9
KGYGPGRPY,14,9
KYAYVPDGG,6,9
YYTYYRPPR,12,9
YGGQYVYSD,7,9
GAYSKYKYY,3,9
VSSESSYHS,7,9
GDGATYYPY,3,9
SDGGGSKSS,4,9
SVNLGSIRA,3,9
SGYYRQHPY,2,9
GANRYANPS,2,9
EGGYGSGGP,2,9
YKYEPHGLE,2,9
SAGPYPYYH,3,9
PSVTLGNSY,3,9
YSHDSGPYG,7,9
GGSTSLPDP,3,9
KYAGYQRQG,6,9
LSSYGNSPS,6,9
TYVYKYFIS,2,9
PGHTGSSSY,3,9
QGRGPTTKY,8,9
ETYMLPNGS,5,9
RKGSYDYLN,6,9
RDAGQKYSS,4,9
YYATPYYYY,5,9
YSKALSRSN,3,9
SNSRQLYQG,7,9
YVYPSAMYR,4,9
GLMYYVARG,9,9
SSSQSGPYY,2,9
RRDPDSSQE,7,9
EIGGYEVYV,2,9
GDYAVTLGA,2,9
DYYHSSRGF,3,9
SDYGSGKLT,3,9
TPYYRSLYK,4,9
PSPLYYHPK,7,9
EKSGSYYAE,2,9
YYYLYGLYT,6,9
PFGYFTSPY,3,9
DFEGYGDGG,2,9
TDAASSSYT,2,9
KDLNGGRYS,4,9
KRNVYQYTP,2,9
QDYSQGYGS,4,9
SGYGGPYKS,2,9
SHKYPTNPK,6,9
GADSYSSSA,4,9
LSGGDYQRN,2,9
RAVTYSSYY,4,9
FYYRAISPK,9,9
YYALDSFGG,2,9
GGGSGNMLD,4,9
GPDYYQKNY,2,9
RYTGSLTLH,5,9
NELGDGSNA,3,9
YSYYYLGSY,4,9
AEDYYSPSY,2,9
QPGHDSSPD,4,9
ESGYRDLAG,4,9
KAIMYHPYA,3,9
TKPAGGGIG,3,9
TDYNMSYIS,1,9
SDIGDLQRS,1,9
YPSAYSHGS,2,9
IRLGGASRV,2,9
IYYYYSGQQ,4,9
IYYAGLNYK,5,9
SQSYSTTSF,1,9
QEGYKYGYQ,2,9
YLRPIYSGD,3,9
RYPGMQGYY,1,9
GNYSNYPIA,1,9
GSLRDAYSP,3,9
AYTDDHARK,3,9
EPFYSEAYD,2,9
ELEGGGTYP,1,9
EAGGSKGGK,2,9
DGYYSYFIY,4,9
AYPYYVRHL,4,9
LSATGYTSG,3,9
YYRQDYGYP,1,9
YYNLYGLYT,1,9
ITYLGGGQD,1,9
ITYLGGGLG,1,9
SDSYSSQGN,5,9
SQDLGYTSE,1,9
ITYLGGELR,1,9
VGYNDHYGS,2,9
YKSGAEQYN,2,9
HDTGKASSD,1,9
YDRQTSGYS,1,9
YEGDSDLDD,1,9
YYALDSGYR,1,9
YYSDGAYSL,2,9
YYALDSAYY,1,9
YYALDSGKG,1,9
YYDASYGSF,1,9
-DYSQGYGS,1,9
STTAYYSAY,1,9
SCRW-SDQS,1,9
YYRGSASYD,2,9
YMHGEYGDD,1,9
YGDLQGSGT,1,9
YYIAYFSSS,1,9
YYHYLGDNG,1,9
FSGDNSKYE,1,9
YSLDGQGPT,1,9
MYGGGASRV,1,9
DAGAYMGQA,2,9
ADSLDASQA,2,9
AYYPTGHYY,1,9
PDYYHMDAS,2,9
QDGSDGQGN,1,9
QLYYDADPS,1,9
LVANYDSGP,1,9
RYGYYLLPA,2,9
GGQSGYYTS,1,9
GASSYNPYT,1,9
VGEGQHMRS,1,9
VDLDQSRSY,2,9
VDSGAYANG,1,9
GYGSYYGLY,1,9
GSDSYSSSA,1,9
GDLYMGLTE,1,9
KNDAKGGSV,2,9
TGNISSEGS,1,9
PSPDSGGHH,1,9
GDYISGNAY,1,9
DAYHQSVYK,2,9
QEYSQGYGS,1,9
PTLYHMRPS,1,9
IHLIMYLYV,2,9
RTTHKDLLG,4,9
PERDRDMTK,1,9
FPYYGKAQK,1,9
YKYGKGNVL,2,9
TRGYQSRTG,2,9
KKSGSYYAE,3,9
EGGYGSSLD,1,9
DQAYYFADS,2,9
ESAEDPKAS,1,9
EGGYGSGGY,1,9
EGGYGSGGA,1,9
DDQTIGADL,1,9
DYITYTSIY,1,9
DYLSLVTGA,6,9
LSGSGDHYD,1,9
LDTYPYQLG,1,9
KLAGRYYIN,1,9
LGSHAYSQS,1,9
EGGYGSPYS,1,9
GGLYTDGYS,1,9
PNRSSFKMY,3,9
SYLDPDSYY,2,9
DSYPGGAQV,1,9
PTLYSLSRY,1,9
QGSNSSLNT,1,9
QGGIYKHHD,2,9
IGADYGEGT,2,9
ISMNYPFYK,1,9
SGDSSSDAF,1,9
SEATGHGGS,1,9
ASYSDYSSY,1,9
RYGDGYSDM,7,9
AGAPSGYSS,2,9
DGYYKYRDK,2,9
EYPSRHGSD,1,9
AELYSQNSA,1,9
SKPYLYYPY,2,9
SADVYGGTG,1,9
YHSYQKYGG,1,9
YTNITDYPD,3,9
LYPQSSSEM,1,9
TVVLGQGGA,1,9
TVVLGQEGA,2,9
SYEYPISDQ,1,9
SSQADAGNP,1,9
DYDPGPSSD,1,9
SLYSYGGRY,1,9
FPYYGKAQT,1,9
GYLSLVTGA,1,9
YMYSTEADA,1,9
TQENRYEYP,1,9
SSRYPLRSH,2,9
GYAYGGFLE,1,9
PTGGYGDFY,1,9
GGYSKDQDP,2,9
PGDYYGPDG,2,9
LDAYDRYRK,2,9
SNADSNYGS,1,9
GLMYYVAPG,1,9
YYALDSGYL,1,9
YGDLQGTGT,1,9
SYKEDSEQD,1,9
SEHGQADGQ,1,9
ITSRAYTQP,1,9
GANRYEIQG,1,9
NGYKHMMDD,1,9
TVGAKAGPD,1,9
KPNQMESHD,1,9
KADGPDLPR,1,9
KGYSYYQTF,1,9
KGTEPHGPE,1,9
KGDYVIGQI,1,9
ADGQTYGYY,1,9
ATSQDYPTD,1,9
PYAYYSGYK,1,9
PTGGYEYSY,1,9
MDGQAQMGA,1,9
QPYYAGNPS,1,9
QSRSNQGTL,1,9
DPQQSIYGD,1,9
DYPVYYGDD,1,9
SMEPTALRA,1,9
GTNGDSTNY,1,9
ASAAPPRYQ,1,9
PPYYDPGGM,1,9
TKYGKLYSG,1,9
SGNTNYGTA,1,9
YFQVSLLTP,1,9
YYYFYLTGA,1,9
YSPGSGTYS,1,9
YTSGSDSSY,1,9
YRPGSEKGQ,1,9
SSSQSDGVQ,1,9
SSSQSVAYY,1,9
SSSQSDAYN,1,9
SSSQSESFD,1,9
SQTPYQSHD,1,9
SPTYSKHLT,1,9
GYVYRDGY,12,8
ALISHMIL,24,8
GPDDDGPL,9,8
YGGSRYPR,42,8
EGGYGSGG,7,8
RVNYAVTL,16,8
GGHGYYST,20,8
GMGYRYNG,21,8
YQYGGAQV,20,8
PDGTGGLG,9,8
KGLGDPVA,19,8
DQYSSTSL,8,8
SGYALQRA,8,8
RDPHGPYS,16,8
LDGGHSKY,4,8
MAEYYGTA,4,8
GGGLDRYG,9,8
DHSYYYLG,6,8
TYDYSYHP,5,8
NKPQTSYA,6,8
ESASPTKT,6,8
VNGGLSAG,3,8
RSPSTYYR,6,8
YKDVQTPF,4,8
YVYGGGAT,8,8
DQMQQPGT,8,8
PGAYSPRL,10,8
YRSYYDRL,3,8
GSGHAYPY,6,8
DGELAGYG,5,8
YYALDSGY,3,8
YRTTLVGY,6,8
KAGGGPYY,12,8
PGPRKMHN,8,8
PTGDGDAY,5,8
STGSRIQN,8,8
GAGNGHGD,2,8
SGGGPVDL,5,8
KTHRPMPG,4,8
SYSDSTGQ,2,8
SRLYYRYY,11,8
GANRYEYP,2,8
DQVYGSGG,6,8
YQGDQSIS,2,8
GSTAYHLY,4,8
VLGQIVDN,5,8
KPLYGRGD,2,8
YGGKYKSP,6,8
YGGDSGSL,5,8
PTPSPIPD,7,8
YYFYYYIN,3,8
YGSYAEGD,2,8
TKYVPGHN,4,8
KYGYANPS,6,8
DDATDADK,2,8
YVSYPSAS,3,8
LLGSYADP,2,8
ADGTGGSQ,2,8
LAKRLQPL,7,8
TSSGSAYK,2,8
HYNSKLDN,2,8
PYYASKDH,7,8
PYYVTAMK,4,8
LGYANAYK,4,8
LNYYPTNL,2,8
MLGAIKAD,3,8
YDISAKHH,3,8
DYSGRKNP,2,8
KSAPRAYN,2,8
SFYMLIRA,14,8
SYEDRLIA,3,8
SPEGYHAG,2,8
GDLGQSND,2,8
NYYAYSGY,3,8
THPSYTDD,2,8
RNGQVYYY,2,8
RSYSPSKY,2,8
RYYGPYQG,3,8
AGQAGGGT,2,8
RQSYKNAY,3,8
ASYIYQAL,12,8
PKGRYYPS,3,8
ATYRYGYG,2,8
KPDPYSLL,3,8
YGRNHYRL,2,8
QGRHYYPY,2,8
QGNGSLYI,2,8
QAYYGPPR,2,8
QLGRKIAY,3,8
SGESMQSL,5,8
MPNADVRG,2,8
RLGPLYQN,3,8
YDTNDTTV,2,8
RYYQSGSY,5,8
YGYDRHDA,2,8
YYMPVTTY,2,8
YYPVASFY,3,8
FYNMGSNL,5,8
YYALGRLH,2,8
YLTSYLGV,2,8
SKSLKKDY,2,8
EGLKSSDS,2,8
YYYDKGIS,3,8
KHRIYEYD,2,8
SKGQPEDY,3,8
SNADKMNN,2,8
GHGGNEYA,5,8
PYGISYYS,3,8
SDSTSFMT,2,8
EGGYGSTN,2,8
TDVKGDGL,2,8
PSGAYYLE,4,8
LDGSAFLL,2,8
KPGAGSYT,3,8
GAYYFYTR,2,8
GGYMTGRY,1,8
TSEVTLRD,2,8
SLDMKSAS,1,8
TAGKRATG,1,8
DGTRYYGA,2,8
TDSDSRGH,2,8
YDPHPASS,2,8
TSYDNDTD,1,8
AYYYPGRS,3,8
LAKRLQPQ,1,8
QVHDMSAP,1,8
HNDIDDSD,1,8
AGARAIDD,2,8
GDIEPYDS,1,8
PFSKQQGD,2,8
LPTLSGYA,1,8
GKAGKSYT,2,8
GSYSRYLD,2,8
RKISGSSG,3,8
DADDYPGF,4,8
DLSSSGEA,1,8
DPSYDESG,2,8
DN-SYLAI,3,8
LDYYFGGY,3,8
ITYAYSGY,1,8
ITYYRPPR,1,8
YGGGAYAG,1,8
YQTDADYN,2,8
PMPVQYKS,1,8
YGGGLAND,4,8
YGGDYQDD,1,8
YGLHEKPA,2,8
YGAKTQTF,1,8
YYYYTTGL,4,8
YYYYPDSS,1,8
YYYYSRYD,1,8
YYYSYVKL,1,8
YYALDSGA,1,8
YYAMYLSL,1,8
SPLYSYQH,2,8
SQLKRSKS,2,8
SDYSPLPP,1,8
SLYAYSGG,1,8
SESSQDVV,3,8
YFGDYKSQ,2,8
YSYSGEHD,1,8
YSTGDELR,3,8
-SYDYDYL,1,8
STKAGQSQ,2,8
YPGGYGSQ,1,8
YNGGKYLC,1,8
YQDYGLGG,1,8
YGYYNKLN,6,8
SGQYTGGN,1,8
SSPYTSSQ,2,8
SYYYQTPS,1,8
SGYSSTSL,1,8
ESEGDLGT,4,8
VYSYMKKG,2,8
DEGYSDDD,1,8
LSSGYADG,1,8
EASFYDIP,1,8
AYHLDGAS,1,8
PPYYDPGG,2,8
PSTGPTER,1,8
GGGLGRYG,1,8
GGRYAQQQ,1,8
GAGYYGHL,1,8
VPAGDTSQ,3,8
GTYDSAYY,5,8
GANRYPGF,1,8
GANRYPND,1,8
SRHGALHT,1,8
QSGAPYMD,1,8
PSPVPGGG,1,8
GLYNGGYA,1,8
AGHTEGTP,2,8
ASDAPEYK,2,8
QSYDYDYL,1,8
TYYLGGGS,1,8
MNYDYDGY,1,8
PPYYSYAI,2,8
LTSYASLN,2,8
RSPSTYYH,1,8
PGSYMYYN,1,8
PDYKLDDA,1,8
PDYTKSSS,1,8
PDSDYMYI,2,8
SDARFCRS,3,8
YGAYGRIS,2,8
YYATPYYY,1,8
ATKGYKSI,2,8
KYHPGPYI,1,8
TQTSQDSG,1,8
NSGDKGKT,1,8
KDYPYSIG,2,8
KQLSTPTY,1,8
EYTTNEDK,1,8
EGGYGFGM,1,8
EGGYGSGS,1,8
LSYSGETS,1,8
LSSGHLGG,2,8
ELYGPLAL,1,8
LPTLPRGQ,4,8
LPFPYVDG,3,8
EGGYGYNG,1,8
EGGYGSLY,1,8
MEPYYYTS,2,8
RLHSYMTN,2,8
SRRSSSYM,1,8
KYGYSPGR,5,8
SDDLLAYG,2,8
NDLGLELS,1,8
QYSYPSYT,1,8
TYGYDDDS,1,8
HGGSRYPR,1,8
GGDTAYEE,3,8
TYFLAGYP,1,8
VAGGDTSD,1,8
SDGADALL,2,8
AKLYTGYS,1,8
GAYILGPG,1,8
QANSTKYR,2,8
STGGYAGQ,3,8
SQQGSGPY,1,8
VGSYNTGS,1,8
YGHNYDDM,1,8
YGGDDYSG,2,8
YLQLGIYG,2,8
YEPESYDA,2,8
YEGYVYGP,2,8
VYYNYLGK,1,8
YTYSASGS,1,8
YTGDGASL,1,8
VPGTFLSE,1,8
ATLAYPYA,2,8
GTSGHQGS,2,8
GIYKYSYD,2,8
AYYQPSYL,1,8
GAYQKSAY,1,8
SYPSKDGY,1,8
SSGASSTV,1,8
KLYGPLAL,2,8
PYGRLSGE,1,8
GLGYPKYL,1,8
KAGDVNPD,1,8
ESFGYDGA,1,8
TKLYGAYK,1,8
SGSSATIS,1,8
FSAYDQLS,1,8
YRYSRYVY,3,8
YTYYYALP,1,8
DSRSSGGE,1,8
PDYKLEDA,1,8
TYPRGYAY,1,8
PYTDSGTS,2,8
PGDSADLD,2,8
YYGQINQP,2,8
YSSGDEGY,1,8
YSSESSLS,1,8
YGYSYYSH,1,8
YYNYPSSH,1,8
EFYQSYYG,1,8
AEYGGLDY,1,8
GGYMTGR-,1,8
DNSGPKPS,1,8
YGSYYGLY,1,8
PPFVYSDK,1,8
TGSSPPSF,1,8
KGLGDTVA,1,8
ITAGQYTD,1,8
KPTYSSQL,1,8
KYYYDYYK,1,8
KGTADVPG,1,8
KGYSIKYR,1,8
AYDGSYSP,1,8
PPYYKDPY,1,8
PPGAYSTY,1,8
RKAYKNPS,1,8
RPGYSDKY,1,8
PRYLSGPN,1,8
QTGDGDAY,1,8
QYKYGQSN,1,8
DDSAGDFS,2,8
RVNYAVTR,1,8
RYDGDDKL,1,8
ITYLGGRY,1,8
SSPGFSSS,2,8
YYDSPSEA,1,8
GYSLPKSD,2,8
SDHSYKSY,1,8
GYPDPGYQ,1,8
GDGASGAD,1,8
GSDASYGG,1,8
ASYDGKLD,1,8
AYYYLGHY,1,8
RDPQRPYY,1,8
YVEEGLAM,1,8
YGPDSMHG,1,8
YSSASSYM,1,8
YYSSDAPD,1,8
YSNTPYTA,1,8
YMGQFYNG,1,8
YHQSPLQG,1,8
YLGDYYYY,1,8
YLVSGSDQ,1,8
YANTPYTA,1,8
YPSYPSAL,1,8
SYFGSPSN,1,8
SSKTGPYG,1,8
SYYYNYYG,1,8
SIKYGPSS,1,8
SHYSTTVQ,1,8
SSPPAAYA,1,8
AEYGGLD,218,7
DGNESGA,129,7
GGDDSSG,24,7
AMYSALG,7,7
SNQGGGN,16,7
RNTYYPS,7,7
PLGRGIG,19,7
MAGRQTR,14,7
PKAGAYY,8,7
TNYYFGG,11,7
YAALDGP,7,7
QKSNGFD,6,7
DTSRLSE,24,7
AGRHGGS,27,7
KISAYGG,8,7
YSKDQDP,6,7
RYKHGYD,5,7
KGNQGLG,12,7
DDGDTSY,4,7
ESAYSAP,5,7
TSGYLGG,12,7
ITVLGRA,10,7
QGQDGVQ,7,7
MMYGDKV,13,7
HMYYGGA,9,7
YDPTDAN,3,7
TEMDGYG,4,7
NMPYNSY,9,7
ANLLSGG,4,7
PTLGRLH,3,7
EPQDDFT,3,7
LGIPPYD,9,7
RTGYFHE,5,7
YGPSYSR,9,7
ATRYSKM,11,7
APHFRPV,7,7
GPLSYYQ,4,7
DHDGGSI,5,7
EGGYGSG,3,7
VEDTDYS,3,7
TDATAPP,4,7
YGQDYTR,7,7
RGYYSSA,3,7
DDSSGYT,6,7
STNPPMP,3,7
GAASGQA,6,7
FGDHSYA,6,7
RTYLDAL,7,7
STDDATD,3,7
GEPIGPY,3,7
YPALKYR,9,7
VASYKPN,5,7
GAYDDSQ,3,7
SPIYAYG,2,7
SSYPKNG,6,7
GADDPAP,3,7
YYALDSG,4,7
GANRYMH,2,7
DSYPGGA,3,7
VGYKPYD,5,7
TADATEA,6,7
TGLYKNL,5,7
PYRYLNG,8,7
PSYYPKS,3,7
KPGPTGY,6,7
YKGYGAA,4,7
VSSGYSI,2,7
YNAGLMD,2,7
VAGDSPQ,2,7
YHIDDPD,2,7
PSSTGRY,3,7
VYTGYTY,2,7
GPKQSAY,2,7
YLKDYPG,4,7
KYDYGTP,4,7
GYDYSFP,2,7
IQSGGYA,2,7
DDGGGGH,3,7
SYAADYG,5,7
YSYRGKL,3,7
LADQSSS,6,7
EGPMDGG,2,7
NVSSYSR,3,7
GTGYLPY,3,7
GVSSESE,2,7
HQFLRPT,3,7
NDGGSLH,4,7
TYYYMAA,7,7
PTYLING,5,7
PTRQYGA,3,7
SLSDMDL,4,7
SDLYGSS,3,7
PDGAYDD,4,7
YQYSTNT,3,7
RYGYDQT,6,7
PCTPKAH,7,7
GHSSPMG,5,7
STSVGGG,3,7
GYSSYDE,4,7
YKVDSNQ,3,7
GLGLGTS,3,7
TLAYTGT,7,7
TDNYYPY,2,7
AYKYYAD,5,7
PPYGTSG,2,7
DGSYSEG,2,7
TGLSTVA,4,7
SYHGLVR,2,7
ASGYAAN,4,7
FGDGASL,4,7
ASGLPRY,4,7
TQHIRPY,9,7
TIYYGID,4,7
LNRVRPL,6,7
RYGGDLY,5,7
RDYAGPS,7,7
AYLSGPN,2,7
AGNGPPF,5,7
PYYPNLY,8,7
VLDAADG,2,7
DEDAFYT,3,7
DEEMDDQ,2,7
GSKGLND,3,7
TPYVAGK,4,7
YNDESGS,3,7
KASQGYT,2,7
ADQGEEL,2,7
PGRQGAK,2,7
PGGSKGR,5,7
TSLTTGL,6,7
TYSYSYS,3,7
AYYESRG,2,7
SYMYYRA,3,7
LYLEDSD,3,7
RYPQRPT,2,7
AGGDYGY,3,7
AEYGGLG,2,7
YYAKHTL,2,7
YGHYSYR,2,7
FPQYHSH,5,7
GYKHYSS,7,7
SPYYPNS,2,7
KYHYRNS,3,7
KYGPYLG,3,7
TGADPYK,2,7
TDDPYAE,3,7
FGYRYGQ,2,7
SFQYLYA,2,7
NVTTAPN,2,7
RHSYYTY,3,7
GAGYMSE,5,7
YQGSTTK,3,7
GYDTYYP,3,7
GSIPNYT,2,7
YNSENSA,1,7
NGDSKGL,3,7
NGYYGTG,2,7
NSLGGDG,1,7
AFGGRHL,2,7
KSYMYYN,3,7
SYYGGRY,4,7
KAAPLDQ,2,7
KSSDATR,4,7
NQYASKH,1,7
NYGYYSY,1,7
ITGHYKP,1,7
TYGGDPS,1,7
TGYVHQP,2,7
TGVQYSM,1,7
YGDGYHD,3,7
YYKYYRS,3,7
YSQGILY,3,7
MGSPAYY,3,7
GLADLYT,2,7
RGGTNDN,1,7
RLAYAYN,2,7
GSSYRGG,3,7
PYPPSYY,3,7
GGSYYYY,1,7
ATPSAPL,1,7
EGPMDDN,1,7
ANPGGSE,3,7
DDDSQSD,1,7
DHLPKHM,1,7
DYGGRGL,2,7
DYPYTRK,2,7
LEGPGGG,1,7
YSSLFLE,1,7
YYSGGID,2,7
YGYPALY,1,7
YGGGASL,1,7
SDSHNHP,1,7
SGGKYAA,1,7
SGIATVD,1,7
ITYLGGT,1,7
STGTSYP,1,7
SHHRASS,2,7
ITYLGGA,1,7
YLPTPPY,3,7
YLPTPPN,1,7
YMASSAA,1,7
-LPTPPY,1,7
VYYNAYD,2,7
YGGGADH,1,7
MPRYTNI,2,7
YGGDTSQ,1,7
YAYLINK,2,7
YGPDQAK,1,7
YYSIYMY,2,7
SHDGQEG,1,7
SQNTDDS,1,7
YSSYGSL,1,7
YSFGTGD,2,7
YSTDGYY,1,7
STPTARY,1,7
YPDYTYA,2,7
YPIDTYD,1,7
YGATYRD,1,7
YGVDGDF,1,7
YDSYGSL,1,7
YAKFASD,1,7
YDGGPDI,2,7
YASSRQK,1,7
TATSGKA,1,7
SSDDSLY,1,7
SSGYYTV,1,7
SASDDYY,2,7
SSEGSGP,1,7
FSYGASN,2,7
FSSYSDP,4,7
FDLMNEE,1,7
SGSTDYE,1,7
SGSYTAT,3,7
QGPLYEY,1,7
GVSGDDE,1,7
YTMGYQY,3,7
RQARYMG,2,7
DQANDPE,1,7
DHYTPAL,1,7
EIQESPS,1,7
EGDGPNP,3,7
ATDNHLL,1,7
PHQAGPG,1,7
PRLAYNS,1,7
PKPMFYS,1,7
PYSYSSK,2,7
PSTPARI,4,7
PGVPYSY,1,7
PYIQVPI,2,7
QYRYLPK,2,7
HEHGGAE,2,7
QDDNPPG,1,7
LIQGSIN,1,7
LPSPYQH,1,7
RKLSSGS,1,7
RTGGTQM,1,7
PSYAATN,4,7
RPYAYGQ,1,7
RLEQLSE,1,7
GGDETAI,2,7
GGSYYSD,2,7
GANRYYY,1,7
VTSSQDL,1,7
VADTRR-,1,7
GYGGDSR,1,7
GSEGSGP,1,7
GTYNLHA,3,7
GPYLDQG,3,7
ADNYYPY,1,7
GDTESGV,2,7
GEGGNAN,1,7
GEGLSEE,1,7
GANRYNS,1,7
GANRYTD,1,7
GANRYIY,1,7
GANPGYY,1,7
YTQPAYS,1,7
VTTAGNS,2,7
LGTYYVI,2,7
QSTTSAG,1,7
QSSYLLD,1,7
TSLGYYY,1,7
IDSSSTG,1,7
RAYYGHP,3,7
RFDPDAK,2,7
LKGAGLF,1,7
PSQYSYY,1,7
SVPGTAK,2,7
SYPAGAA,2,7
KSGSEFG,1,7
KAGTYYY,1,7
KGLYGPS,1,7
EYDYGTP,1,7
DKAQREV,1,7
DKGAARS,1,7
ADQPFDD,1,7
VPLYTGT,1,7
DGAAYDY,1,7
DRYTHPY,1,7
DSYSDGH,2,7
LSDYLPG,1,7
EGGYGYQ,1,7
EGGYGTA,1,7
EGGYDHS,1,7
LTHGPPY,1,7
NPLQEAY,1,7
NYMSGKG,3,7
HDIGPPT,2,7
DSYPYGS,1,7
DSGLPRY,1,7
DSYPGGM,1,7
TGRHGGS,1,7
YGSGKAG,2,7
QLPISYS,1,7
YTKGHYD,1,7
EDYPKML,1,7
SNLIFGL,2,7
DSYVGSP,2,7
TTLHSST,1,7
NDLIQGP,1,7
RADSGGG,1,7
MAEYYGT,1,7
PSSYYSD,1,7
PSFLYKS,1,7
PTHGSGN,2,7
AGPQDDA,1,7
GYYDDGY,1,7
YQIPPAG,1,7
YGFKSSY,1,7
SAMMFAM,2,7
SYYIYSQ,1,7
YLADGYS,1,7
SALPSLG,1,7
VVPNTYG,1,7
VSPSGTS,1,7
VDYKHGD,2,7
YMGVGSD,1,7
STRGEGI,2,7
YYGMSSS,1,7
SPYGDSH,2,7
SDGGGAS,1,7
YYTPSGQ,1,7
TDHDAHP,1,7
YYSYSSD,1,7
SGYIKNT,1,7
QGKHMDY,1,7
GGGGPYI,1,7
GYSIDGY,1,7
GRDASLG,3,7
GDPSVYI,1,7
FSTDDDG,1,7
SFSSSPL,1,7
SAGYQGN,1,7
SAYDYPD,2,7
SYYGLYY,1,7
DDSYYGK,1,7
YSYYSIG,1,7
DLPYTDG,1,7
GYSSSQG,1,7
DGNESGE,1,7
GRPGSAG,4,7
PYFPGAP,2,7
LYLYMAA,1,7
SNDASPG,2,7
SVEYPDG,1,7
ISYSVNT,1,7
PGSYMNG,1,7
MRSSDSY,1,7
DGNESG-,1,7
SYYPNLY,1,7
GRYGFAR,1,7
YAEVSGL,1,7
GGYNITG,3,7
YPASRAA,2,7
PYEYGLF,1,7
PSPYSYY,1,7
YNQDSHM,1,7
NGERSYL,2,7
SGGSSSP,1,7
ATSYYPS,1,7
YPIGSPY,1,7
ASGYFGH,1,7
TLEGTGY,1,7
PTSNNHV,2,7
TPYVASK,1,7
TLGGDST,1,7
TESDGYG,1,7
TEIDGYG,1,7
TDDSQYD,1,7
NEEDGNG,1,7
TGVQYSL,1,7
ADVPYGG,1,7
KYGSYYY,1,7
NKGGPTY,1,7
NKYLAAP,1,7
IRYMSYK,1,7
PVSYTYQ,1,7
PYAGSYD,1,7
PDYSSLV,2,7
PSYAYES,1,7
HSFRPSM,1,7
PTGGGYT,1,7
IYDEGDS,1,7
PTTADMD,1,7
PTAKKMH,1,7
QRSYPSS,1,7
QATTRPR,1,7
RGAFYAY,1,7
DTPEDYT,1,7
DGDDRHK,1,7
DGDSSQD,1,7
RYSSGHL,1,7
ERAGNYD,1,7
ETYNDHS,1,7
GNFLGGS,1,7
QSYGQRG,1,7
YATGSYS,2,7
PAYGSPY,1,7
GVKYGLG,1,7
GYTEGDD,1,7
VKARQKS,1,7
KSKGADL,1,7
AEDYYSL,1,7
AEDYMAA,1,7
AEDYYSP,1,7
AEDYYSE,1,7
AGADPYK,1,7
GPPTGMS,1,7
AYPQATG,1,7
AEDYTYQ,1,7
PTTRTFD,1,7
IADKLGQ,1,7
SNLSTGG,1,7
YGYYDMV,1,7
YYGHSTE,1,7
YYGQSYS,1,7
STDGYSD,1,7
SYSYSSK,1,7
YAEPSGA,1,7
YTTNADA,1,7
VGYESGA,1,7
VSDPLTY,1,7
YLFYASK,1,7
YPDGYGG,1,7
YPALKNR,1,7
SYSSSDG,1,7
SEEGDVT,1,7
SYDLGRG,1,7
SAYSYYR,1,7
YSKYSY,169,6
DGGAYA,32,6
ANHYDN,18,6
TKQHPD,27,6
GSGEGP,16,6
GATYRD,25,6
ASYQRH,11,6
YIYGDG,5,6
GSKSYG,9,6
LGDGLG,19,6
RYGYSH,12,6
SMNVKA,8,6
SGGPQG,8,6
TAGHGS,4,6
ALLGHY,14,6
PPHSYN,14,6
GYGGHH,9,6
MGRVRL,5,6
YYGPGD,3,6
YASGYI,5,6
KQGGAA,3,6
KPIAYY,5,6
ANSQQD,6,6
YYDQYK,4,6
TDSAAG,3,6
GGGGST,9,6
GGGDGS,10,6
GANRYG,3,6
IRVVLS,10,6
KPKYRY,13,6
PNYHTN,3,6
AYTGYD,5,6
ADYGVG,3,6
EGGYGS,2,6
DHDPPD,2,6
SAYARV,3,6
GANRYD,2,6
EGGYTS,2,6
EGGYGQ,2,6
DYDSLM,6,6
GQSYLG,8,6
AYPSYR,10,6
GSSYGG,3,6
GFGLPD,4,6
PIDYPS,8,6
YRYTYY,5,6
DGRYPG,4,6
NNPVDM,4,6
YQRYGV,2,6
YQPYKN,7,6
QAGSYE,2,6
GYSYVL,3,6
TTASDS,5,6
LGGYYS,4,6
IVKQRD,4,6
DYTSSP,3,6
SYSYYD,5,6
PVVGGY,2,6
QSVDGG,2,6
DVYTYA,2,6
ATDGPY,8,6
YDSEGP,5,6
YSSDSV,2,6
KYYSYD,3,6
KSVYAS,2,6
GGGSAK,2,6
GLDLMK,7,6
DYKQGY,3,6
LYPISP,3,6
TYYSQN,6,6
RPYAYG,3,6
AGGGEN,2,6
ADGYGH,3,6
QASDTS,2,6
PSPTPH,3,6
KYIPYP,2,6
SYYGAR,8,6
TDASTD,2,6
SPSIYY,4,6
YGGGAA,2,6
AYYGVG,2,6
GYGSNA,4,6
DPGYYS,2,6
YLPNGK,6,6
DGYDSQ,2,6
YGRQSP,2,6
PSRLSE,2,6
YESSGM,4,6
SPSGDV,2,6
MGRKYY,5,6
FSVQGG,2,6
SGDGPN,3,6
SPSTYN,2,6
RSGDSP,4,6
ASSLEG,3,6
YGGGAD,2,6
TYSGRY,3,6
SYVKSA,1,6
PTGYAA,1,6
DLMSDY,1,6
NPHLKY,3,6
TRYPRY,2,6
NSAASG,1,6
YTQAYK,1,6
YTLAKT,2,6
TYPSSY,1,6
SGVDDN,4,6
KPPETN,1,6
GLSSGQ,2,6
GDGADH,2,6
GDPYYT,1,6
LTKSHD,4,6
GGYPAG,2,6
GGGYGD,4,6
LPSSHS,3,6
ITYLGG,1,6
YSANPP,2,6
IYDYNG,1,6
YGYYAI,1,6
YGGGFH,1,6
ITKSHD,1,6
YHPGSP,1,6
MISKPG,5,6
YGPPYD,1,6
YYYQAY,1,6
YYAGGM,1,6
YYGRLE,1,6
SQYHHA,2,6
SARGHA,1,6
YFPRKT,1,6
YSDYNY,1,6
SLLIPS,1,6
YDYSYS,1,6
YDGNHK,1,6
YGMSDD,1,6
SYSYST,2,6
SFPDSP,1,6
SGAGQY,2,6
SVPNLG,1,6
SYAKAY,2,6
DPAEDG,1,6
ELDAGS,1,6
EDGYDS,3,6
DAYRHV,1,6
ADKYRY,3,6
AYQVLA,1,6
DYFEYE,1,6
HDYYIN,1,6
MYDHHD,1,6
QGTYSK,1,6
QGRRSQ,3,6
QTDPSY,4,6
LHYIDS,2,6
RPYAYN,1,6
RYPIPY,2,6
RYGYRD,2,6
RLYPTY,1,6
GGYSTY,1,6
GAYYLE,1,6
GYGLHD,1,6
GYYNYY,1,6
GSGEGT,1,6
AGVDDN,1,6
GDYTGG,1,6
AEYGTP,1,6
ASYKRH,1,6
KYSSYG,1,6
QSLDGG,1,6
TSIGES,1,6
GRQQAG,2,6
GEDISP,1,6
VYSYTK,2,6
GYKGAG,1,6
ARVYPG,2,6
RGYGDL,1,6
QPSYNL,1,6
PKQQYS,2,6
IYKSHN,2,6
RGGPSS,1,6
RYGFGM,3,6
TTAYSS,1,6
TTPSYL,1,6
DPHLKY,1,6
AEDYGG,1,6
AIDTEM,1,6
DGSNGP,3,6
DYDYDL,2,6
DYGYYY,1,6
ELEHGM,4,6
EGGLYY,1,6
EGGYGD,1,6
EGGYGP,1,6
EGGYGG,1,6
EGGYLM,1,6
LEHADS,1,6
YGAPYQ,1,6
PYYTSY,1,6
GIGSKS,2,6
KKLTPQ,2,6
RYSSIS,1,6
DYGGVT,1,6
LGVASS,1,6
DSYPGG,1,6
YS-YSY,1,6
YSKYSS,1,6
YYKYSY,1,6
YDSQSG,3,6
DPTPSA,2,6
TYLLYE,1,6
GDTYQS,1,6
SSGSDS,1,6
SAYGGS,1,6
SGYGAG,1,6
YLGYLL,2,6
KQDQYN,1,6
SSDDDQ,1,6
YDIYIL,1,6
SPRELQ,1,6
GTDSPQ,1,6
GGGLYY,1,6
GYYYPP,1,6
FSDSDM,1,6
SGGKGD,1,6
TNQHPD,1,6
YGTPRA,2,6
YDSSSA,1,6
-ESSRY,1,6
PLTYKL,1,6
VDMDYD,1,6
DAKMSQ,2,6
SYPQAS,1,6
GHYNSA,1,6
AATDNT,1,6
GLMSDY,1,6
TDLPGA,3,6
YYSYYR,2,6
AYGTRG,1,6
A-TGYD,1,6
PTGYYS,1,6
YGGGAT,1,6
APQSAD,1,6
GAPYME,1,6
RPMQRD,2,6
VDSYTN,2,6
KTSNAG,1,6
KPIAYK,1,6
KSYSYP,1,6
KGYSGE,1,6
ATPSLS,1,6
GPGRPY,1,6
PGRSYK,1,6
ISSPMR,1,6
QYSEID,1,6
QGGHAM,1,6
EYIPYP,1,6
RSMYQA,1,6
LSSYGG,1,6
YYAASY,1,6
LGEGLG,1,6
GTKSVR,1,6
EAGAHY,1,6
AEDYYK,1,6
AEDSPQ,1,6
AEDSSG,1,6
AEDYNG,1,6
AEDRSG,1,6
AKTQTF,1,6
YGPLSK,1,6
YGPGLG,1,6
SKAKPA,1,6
YSGGNS,1,6
YSAASY,1,6
YSGEAM,1,6
SDDADG,1,6
SDSSSH,1,6
SGTGGY,1,6
SDYDGL,1,6